Santo Antônio;MULTIPOLYGON(((-6210734.33244021 -3474843.98604749,-6210744.32161747 -3474842.52889221,-6210776.72574857 -3474842.353025,-6210800.34438118 -3474846.22005651,-6210826.46284464 -3474857.85779518,-6210848.43801854 -3474870.50486859,-6210866.7795147 -3474887.23975176,-6210883.52442459 -3474909.12712471,-6210900.26401128 -3474931.5314446,-6210910.83777065 -3474953.35409744,-6210919.31148624 -3474979.29015146,-6210925.76044632 -3475002.10326357,-6210937.801869 -3475031.17861616,-6210949.32364345 -3475060.76543869,-6210969.10086735 -3475087.85433278,-6210990.3994187 -3475117.02709885,-6211009.17503335 -3475141.52078332,-6211030.54911733 -3475163.45703019,-6211046.823314 -3475181.20421001,-6211086.24032923 -3475199.19438572,-6211112.36669099 -3475209.29068653,-6211132.86813833 -3475216.22615054,-6211166.69262818 -3475227.95402642,-6211197.82241329 -3475251.54338997,-6211216.62545265 -3475273.45266621,-6211233.29095585 -3475303.09375165,-6211251.34918745 -3475347.22419424,-6211265.68948434 -3475402.68886325,-6211285.60517057 -3475499.1479233,-6211285.78482314 -3475499.82375966,-6211360.05999136 -3475479.67822582,-6211487.37776382 -3475442.23368251,-6211588.44635104 -3475401.70339609,-6211677.17755768 -3475327.57212231,-6211651.29215661 -3475312.76224646,-6211620.94157039 -3475281.43843998,-6211598.48409211 -3475242.60445926,-6211587.70299521 -3475224.11119368,-6211589.8740593 -3475191.04912867,-6211586.52133469 -3475161.60540606,-6211579.47361716 -3475135.79924271,-6211580.70181614 -3475105.48449686,-6211579.13019058 -3475080.65478335,-6211568.37779681 -3475059.40497284,-6211556.71112044 -3475038.14573969,-6211549.80627469 -3474998.5560498,-6211539.32999558 -3474950.65822366,-6211529.55858822 -3474922.9858587,-6211510.75896909 -3474884.19108391,-6211487.3310552 -3474850.86199201,-6211448.52274766 -3474801.74903644,-6211426.9331441 -3474767.52025855,-6211412.53382532 -3474745.3137301,-6211396.33454965 -3474720.33138332,-6211338.65197745 -3474639.77550246,-6211248.25545748 -3474716.02266412,-6211186.48573933 -3474765.00027216,-6211137.67743637 -3474798.49089404,-6211103.69738423 -3474812.83811103,-6211037.67073881 -3474831.44384585,-6210993.98022525 -3474838.96618722,-6210988.80103916 -3474812.78013532,-6210852.45714458 -3474818.09074277,-6210818.8426322 -3474824.48077581,-6210750.01985429 -3474829.23595864,-6210734.33244021 -3474843.98604749)))
Centro;MULTIPOLYGON(((-6210045.11050082 -3475305.81689435,-6210042.00704835 -3475309.67180833,-6210016.2710758 -3475360.57793727,-6209994.21061741 -3475404.28562303,-6209986.07389412 -3475444.52222903,-6209975.26261206 -3475494.55275315,-6209959.75761174 -3475550.73731007,-6209932.91095279 -3475609.3868163,-6209904.70528714 -3475650.44536058,-6209882.36280379 -3475671.92122365,-6209867.09764541 -3475685.24078681,-6209854.85011904 -3475695.92726225,-6209822.39285452 -3475722.75277051,-6209793.91103963 -3475741.06175835,-6209683.57754337 -3475777.12643423,-6209664.3669034 -3475783.40565019,-6209551.72821085 -3475811.6236572,-6209327.37787928 -3475849.70402082,-6208967.71541781 -3475913.31473144,-6208899.97956826 -3475933.66759824,-6208784.86284139 -3475953.09284671,-6208801.07537685 -3476044.81827154,-6208816.29772511 -3476113.22250239,-6208831.31184371 -3476152.67360869,-6208846.84041648 -3476192.13031146,-6208861.40055307 -3476225.88995517,-6208881.54177038 -3476266.94708197,-6208901.23985677 -3476301.27864394,-6208933.3253771 -3476331.60658744,-6208991.09463229 -3476365.31039073,-6209048.90783968 -3476394.87861096,-6209106.38145293 -3476407.89911376,-6209166.47589664 -3476416.29423923,-6209272.96879457 -3476414.84318157,-6209349.61435739 -3476414.62477777,-6209409.23829642 -3476418.87786948,-6209451.85673654 -3476426.05196873,-6209484.73562863 -3476430.02039045,-6209545.4100845 -3476432.21606819,-6209661.20448069 -3476426.72455922,-6209726.62190717 -3476418.11280963,-6209779.09418775 -3476417.635252,-6209822.78502077 -3476420.68347488,-6209899.98846409 -3476416.3317839,-6209945.2872731 -3476413.19254736,-6209990.60773552 -3476407.98554808,-6210069.83056608 -3476407.27306075,-6210143.41737024 -3476404.43253129,-6210213.16045857 -3476424.81577758,-6210301.15467734 -3476470.72446886,-6210341.64633944 -3476484.59410195,-6210406.99474235 -3476531.8140429,-6210457.99074257 -3476574.2293985,-6210493.90974888 -3476602.27856708,-6210646.59469484 -3476459.28102979,-6210692.21695878 -3476434.32286621,-6210708.06353927 -3476456.29635799,-6210714.70791408 -3476452.57256905,-6210755.96924388 -3476440.51097252,-6210801.172341 -3476427.29691191,-6210861.2600253 -3476409.73137296,-6211081.26934837 -3476344.33567458,-6211244.52553155 -3476293.35829284,-6211401.84283319 -3476245.39030776,-6211567.8997098 -3476193.73577004,-6211727.79314497 -3476143.13895795,-6211757.28059316 -3476133.21784607,-6211712.93488276 -3476009.94923894,-6211704.97138826 -3475984.22458885,-6211686.10913896 -3475942.71884897,-6211669.0605679 -3475920.04744703,-6211599.07199991 -3475852.97459526,-6211553.91119423 -3475840.17283852,-6211501.30949069 -3475828.13125797,-6211451.76760638 -3475812.1268901,-6211391.85517736 -3475765.97626218,-6211357.04200029 -3475725.9896575,-6211331.21432859 -3475668.81545234,-6211307.01983945 -3475579.7208595,-6211285.78482314 -3475499.82375966,-6211285.60517057 -3475499.1479233,-6211265.68948434 -3475402.68886325,-6211251.34918745 -3475347.22419424,-6211233.29095585 -3475303.09375165,-6211216.62545265 -3475273.45266621,-6211197.82241329 -3475251.54338997,-6211166.69262818 -3475227.95402642,-6211132.86813833 -3475216.22615054,-6211112.36669099 -3475209.29068653,-6211086.24032923 -3475199.19438572,-6211046.823314 -3475181.20421001,-6211030.54911733 -3475163.45703019,-6211009.17503335 -3475141.52078332,-6210990.3994187 -3475117.02709885,-6210969.10086735 -3475087.85433278,-6210949.32364345 -3475060.76543869,-6210937.801869 -3475031.17861616,-6210925.76044632 -3475002.10326357,-6210919.31148624 -3474979.29015146,-6210910.83777065 -3474953.35409744,-6210900.26401128 -3474931.5314446,-6210883.52442459 -3474909.12712471,-6210866.7795147 -3474887.23975176,-6210848.43801854 -3474870.50486859,-6210826.46284464 -3474857.85779518,-6210800.34438118 -3474846.22005651,-6210776.72574857 -3474842.353025,-6210744.32161747 -3474842.52889221,-6210734.33244021 -3474843.98604749,-6210704.65839785 -3474848.31461054,-6210659.29647221 -3474868.43079312,-6210658.60907689 -3474868.73557298,-6210609.06625554 -3474890.73049868,-6210347.95217648 -3475072.00749478,-6210096.82648243 -3475241.57627779,-6210045.11050082 -3475305.81689435)))
Macedo;MULTIPOLYGON(((-6211677.17755768 -3475327.57212231,-6211588.44635104 -3475401.70339609,-6211487.37776382 -3475442.23368251,-6211360.05999136 -3475479.67822582,-6211285.78482314 -3475499.82375966,-6211307.01983945 -3475579.7208595,-6211331.21432859 -3475668.81545234,-6211357.04200029 -3475725.9896575,-6211391.85517736 -3475765.97626218,-6211451.76760638 -3475812.1268901,-6211501.30949069 -3475828.13125797,-6211553.91119423 -3475840.17283852,-6211592.57762476 -3475832.14712752,-6211693.55048099 -3475801.14733398,-6211898.15693261 -3475743.30009374,-6212041.05577097 -3475704.75713843,-6212082.90426333 -3475693.46929075,-6212066.69613875 -3475646.59427759,-6212077.25941164 -3475619.82210402,-6212091.25850181 -3475592.39642881,-6212083.32838422 -3475563.36380682,-6212071.29099758 -3475533.59908922,-6212052.35376901 -3475507.89813055,-6212026.48104052 -3475489.70712182,-6211995.7442861 -3475477.66878328,-6211971.02968142 -3475480.16818257,-6211938.68665292 -3475490.85929788,-6211905.10037503 -3475489.13028025,-6211879.91357476 -3475470.94616385,-6211844.54077566 -3475443.00567815,-6211815.28263784 -3475420.64328741,-6211788.71050791 -3475403.82319421,-6211751.23107839 -3475380.68551999,-6211730.88762215 -3475358.41617854,-6211716.0299159 -3475336.20417027,-6211691.47955316 -3475322.85134075,-6211677.17755768 -3475327.57212231)))
Izabel;MULTIPOLYGON(((-6211553.91119423 -3475840.17283852,-6211599.07199991 -3475852.97459526,-6211669.0605679 -3475920.04744703,-6211686.10913896 -3475942.71884897,-6211704.97138826 -3475984.22458885,-6211712.93488276 -3476009.94923894,-6211757.28059316 -3476133.21784607,-6211818.90644499 -3476308.76656134,-6211845.20923421 -3476306.79308791,-6212099.0321916 -3476223.72067019,-6212123.72723635 -3476208.17088744,-6212071.6465689 -3476042.76029865,-6212104.34013073 -3476029.34906453,-6212126.16836889 -3476017.24705489,-6212178.7612489 -3475949.9833626,-6212208.19767041 -3475911.71214799,-6212246.35448944 -3475862.10279964,-6212184.51192493 -3475823.7196088,-6212135.43161597 -3475794.77478915,-6212101.74321891 -3475769.60916862,-6212083.14059361 -3475728.05749887,-6212082.3733207 -3475702.71800283,-6212082.90426333 -3475693.46929075,-6212041.05577097 -3475704.75713843,-6211898.15693261 -3475743.30009374,-6211693.55048099 -3475801.14733398,-6211592.57762476 -3475832.14712752,-6211553.91119423 -3475840.17283852)))
Restinga;MULTIPOLYGON(((-6212123.72723635 -3476208.17088744,-6212218.44756824 -3476143.08368651,-6212254.13715307 -3476128.91273643,-6212343.95961324 -3476081.16168094,-6212381.22472972 -3476066.69072574,-6212404.739349 -3476052.06710433,-6212440.44798998 -3476027.47287281,-6212464.25727998 -3476006.22285998,-6212480.93964886 -3475992.07689792,-6212403.74979186 -3475895.46087984,-6212284.5501916 -3475882.50287066,-6212246.35448944 -3475862.10279964,-6212208.19767041 -3475911.71214799,-6212178.7612489 -3475949.9833626,-6212126.16836889 -3476017.24705489,-6212104.34013073 -3476029.34906453,-6212071.6465689 -3476042.76029865,-6212123.72723635 -3476208.17088744)))
Canudos;MULTIPOLYGON(((-6210659.29647221 -3474868.43079312,-6210704.65839785 -3474848.31461054,-6210734.33244021 -3474843.98604749,-6210750.01985429 -3474829.23595864,-6210818.8426322 -3474824.48077581,-6210852.45714458 -3474818.09074277,-6210988.80103916 -3474812.78013532,-6210993.98022525 -3474838.96618722,-6211037.67073881 -3474831.44384585,-6211103.69738423 -3474812.83811103,-6211137.67743637 -3474798.49089404,-6211186.48573933 -3474765.00027216,-6211248.25545748 -3474716.02266412,-6211338.65197745 -3474639.77550246,-6211293.73710079 -3474601.50698321,-6211271.91362792 -3474573.364324,-6211235.26801511 -3474536.27857433,-6211209.97915393 -3474495.17652451,-6211207.28168283 -3474358.68176521,-6211192.6109298 -3474285.64295624,-6211160.74747713 -3474193.5281994,-6211091.345849 -3474207.27351063,-6211003.41712753 -3474222.20220853,-6210931.42320793 -3474221.44586826,-6210869.04999547 -3474218.72266858,-6210809.50545923 -3474207.75828031,-6210754.08935936 -3474195.45862922,-6210679.57564822 -3474173.30888695,-6210630.33801434 -3474160.38462369,-6210592.83544826 -3474140.00249967,-6210552.70550962 -3474108.56530031,-6210506.81981367 -3474168.73207264,-6210519.1938363 -3474203.8739304,-6210527.67343763 -3474235.15127323,-6210524.03328226 -3474262.50782106,-6210512.46638815 -3474285.98773815,-6210519.34793313 -3474309.66204704,-6210516.26348169 -3474323.95923344,-6210517.72073681 -3474345.04774508,-6210549.5255253 -3474471.82259247,-6210567.16109017 -3474549.9800442,-6210615.32565889 -3474716.54774052,-6210653.377842 -3474847.60647761,-6210659.29647221 -3474868.43079312)))
Rui Ramos;MULTIPOLYGON(((-6209594.1238903 -3474324.72123168,-6209881.93734435 -3474251.23369274,-6209962.33412503 -3474222.16124967,-6209972.11004477 -3474209.62095353,-6210132.82728272 -3474158.63865567,-6210127.65890417 -3474131.61082107,-6210215.9618424 -3474108.24007611,-6210303.93484227 -3474076.29557105,-6210333.00156228 -3474063.53740922,-6210440.29070467 -3474021.23170996,-6210402.37432802 -3473974.88507584,-6210355.51791289 -3473909.1465715,-6210325.05005731 -3473850.01379925,-6210306.29398133 -3473807.54537246,-6210298.65214375 -3473751.41060684,-6210301.30621715 -3473672.41192278,-6210309.49327407 -3473588.87769952,-6210309.17430668 -3473531.90222843,-6210322.81724998 -3473451.18308073,-6210333.56408025 -3473385.13617733,-6210326.7212063 -3473340.03833124,-6210297.98699978 -3473290.11514717,-6210246.55332524 -3473225.25037389,-6210188.70192611 -3473162.15566367,-6210124.57717606 -3473087.04946501,-6210085.75054556 -3473040.69556116,-6210053.27492678 -3472999.00330947,-6210013.79438487 -3472927.83337011,-6209975.04560142 -3472874.12977785,-6209941.78171581 -3472820.48434081,-6209907.65220131 -3472762.23563856,-6209875.29327608 -3472709.51897092,-6209847.38963854 -3472667.87557601,-6209823.81583838 -3472649.24910312,-6209776.0805457 -3472668.03914534,-6209717.36644327 -3472687.63144025,-6209658.54596785 -3472717.32958279,-6209598.69540962 -3472758.04284741,-6209554.31668225 -3472805.35197274,-6209499.07444645 -3472842.43845196,-6209440.3301817 -3472864.78597636,-6209376.18787954 -3472878.80612757,-6209339.2465439 -3472914.24888145,-6209334.11522906 -3472967.48812829,-6209350.6616915 -3473045.76740023,-6209378.31316726 -3473111.30097522,-6209404.19465859 -3473171.30271326,-6209431.92407025 -3473229.48657335,-6209470.33347603 -3473315.35064108,-6209497.96678551 -3473382.72290507,-6209517.25717848 -3473461.03362488,-6209549.21078733 -3473552.34381312,-6209575.77643781 -3473634.4084081,-6209594.71051078 -3473746.71651674,-6209605.85162239 -3473817.59154295,-6209606.69549887 -3473911.33077179,-6209607.58762532 -3474000.47651012,-6209608.63417842 -3474074.92139513,-6209600.7289954 -3474218.19281803,-6209594.1238903 -3474324.72123168)))
Vila Nova;MULTIPOLYGON(((-6209594.1238903 -3474324.72123168,-6209599.19570617 -3474456.26602334,-6209602.90025343 -3474567.80701825,-6209600.89612525 -3474642.52910843,-6209602.22694587 -3474747.91995556,-6209591.34219212 -3474855.63265589,-6209564.80312917 -3474944.79998917,-6209538.50851569 -3475010.68893527,-6209507.53801383 -3475057.45907709,-6209478.90979055 -3475106.0921948,-6209434.36506708 -3475168.34164266,-6210013.04918157 -3475113.82377738,-6210045.11050082 -3475305.81689435,-6210096.82648243 -3475241.57627779,-6210347.95217648 -3475072.00749478,-6210609.06625554 -3474890.73049868,-6210658.60907689 -3474868.73557298,-6210659.29647221 -3474868.43079312,-6210653.377842 -3474847.60647761,-6210615.32565889 -3474716.54774052,-6210567.16109017 -3474549.9800442,-6210549.5255253 -3474471.82259247,-6210517.72073681 -3474345.04774508,-6210516.26348169 -3474323.95923344,-6210519.34793313 -3474309.66204704,-6210512.46638815 -3474285.98773815,-6210524.03328226 -3474262.50782106,-6210527.67343763 -3474235.15127323,-6210519.1938363 -3474203.8739304,-6210506.81981367 -3474168.73207264,-6210552.70550962 -3474108.56530031,-6210484.64982981 -3474068.64482196,-6210440.29070467 -3474021.23170996,-6210333.00156228 -3474063.53740922,-6210303.93484227 -3474076.29557105,-6210215.9618424 -3474108.24007611,-6210127.65890417 -3474131.61082107,-6210132.82728272 -3474158.63865567,-6209972.11004477 -3474209.62095353,-6209962.33412503 -3474222.16124967,-6209881.93734435 -3474251.23369274,-6209594.1238903 -3474324.72123168)))
Área Militar;MULTIPOLYGON(((-6208784.86284139 -3475953.09284671,-6208899.97956826 -3475933.66759824,-6208967.71541781 -3475913.31473144,-6209327.37787928 -3475849.70402082,-6209321.21895958 -3475806.65792815,-6209491.35382728 -3475774.08131272,-6209486.93590786 -3475752.38428901,-6209526.314379 -3475743.03878721,-6209538.48283865 -3475671.43770663,-6209625.48131191 -3475609.72300562,-6209720.3005378 -3475609.94146554,-6209807.18654638 -3475610.14098864,-6209818.19668749 -3475659.96046217,-6209850.37743103 -3475652.23587387,-6209867.09764541 -3475685.24078681,-6209882.36280379 -3475671.92122365,-6209904.70528714 -3475650.44536058,-6209932.91095279 -3475609.3868163,-6209959.75761174 -3475550.73731007,-6209975.26261206 -3475494.55275315,-6209986.07389412 -3475444.52222903,-6209994.21061741 -3475404.28562303,-6210016.2710758 -3475360.57793727,-6210042.00704835 -3475309.67180833,-6210045.11050082 -3475305.81689435,-6210013.04918157 -3475113.82377738,-6209434.36506708 -3475168.34164266,-6209390.06305523 -3475224.46934749,-6209350.83398506 -3475266.7455785,-6209306.06468527 -3475308.96299821,-6209261.37342199 -3475343.75604639,-6209207.3507439 -3475387.73109089,-6209155.21347304 -3475428.01357523,-6209103.21291488 -3475455.30351371,-6209058.59882285 -3475482.6721372,-6208995.28263968 -3475532.11636482,-6208945.02999059 -3475568.70591478,-6208890.96609479 -3475616.39249912,-6208848.02126027 -3475660.48499033,-6208825.31139814 -3475712.21880556,-6208806.27531799 -3475765.84839432,-6208792.58290703 -3475838.09821566,-6208782.76058841 -3475893.68296409,-6208784.86284139 -3475953.09284671)))
Boa Vista;MULTIPOLYGON(((-6212082.90426333 -3475693.46929075,-6212082.3733207 -3475702.71800283,-6212083.14059361 -3475728.05749887,-6212101.74321891 -3475769.60916862,-6212135.43161597 -3475794.77478915,-6212184.51192493 -3475823.7196088,-6212246.35448944 -3475862.10279964,-6212284.5501916 -3475882.50287066,-6212403.74979186 -3475895.46087984,-6212480.93964886 -3475992.07689792,-6212584.14221247 -3475910.0979053,-6212663.30125962 -3475859.0732103,-6212750.6205543 -3475809.71365033,-6212827.25905783 -3475758.97837503,-6212490.52102166 -3475314.80263637,-6212475.43117911 -3475314.08394805,-6212171.54361796 -3475556.30045148,-6212082.90426333 -3475693.46929075)))
Joaquim Fonseca Milano;MULTIPOLYGON(((-6212123.72723635 -3476208.17088744,-6212099.0321916 -3476223.72067019,-6211845.20923421 -3476306.79308791,-6211876.40439136 -3476407.91511092,-6211876.81784352 -3476428.78521906,-6211884.50115444 -3476446.253596,-6211895.4887261 -3476473.90138057,-6211900.874354 -3476505.54449864,-6211904.33173403 -3476536.24724354,-6211905.02051349 -3476560.91423173,-6211900.31014912 -3476590.58339816,-6211897.08210144 -3476630.79092985,-6211888.04892794 -3476652.6165697,-6212032.36968784 -3476607.75317857,-6212074.32005378 -3476728.75092667,-6212159.2843807 -3476705.18694806,-6212163.90715248 -3476682.17145732,-6212189.06755716 -3476652.08265278,-6212261.95170137 -3476539.02662282,-6212354.87394117 -3476404.36523153,-6212448.6790907 -3476275.40438814,-6212462.12943706 -3476252.14944502,-6212522.47641433 -3476164.8885859,-6212539.0618182 -3476142.61474293,-6212586.35963785 -3476077.44585321,-6212480.93964886 -3475992.07689792,-6212464.25727998 -3476006.22285998,-6212440.44798998 -3476027.47287281,-6212404.739349 -3476052.06710433,-6212381.22472972 -3476066.69072574,-6212343.95961324 -3476081.16168094,-6212254.13715307 -3476128.91273643,-6212218.44756824 -3476143.08368651,-6212123.72723635 -3476208.17088744)))
Vera Cruz;MULTIPOLYGON(((-6211888.04892794 -3476652.6165697,-6211879.24099398 -3476654.72930935,-6211888.46698149 -3476716.28148387,-6211901.85956497 -3476756.40084774,-6211923.50048819 -3476793.63264431,-6211956.43130856 -3476851.79821295,-6211977.15812359 -3476882.0820062,-6212019.20465522 -3476948.93374638,-6212078.20890234 -3477043.27698807,-6212100.21127699 -3477077.42917668,-6212108.76794654 -3477097.78401375,-6212126.62942865 -3477093.30216035,-6212185.53816782 -3477074.94607704,-6212275.14386183 -3477048.89987493,-6212277.93385925 -3477047.27711295,-6212286.5364991 -3477042.27373076,-6212347.15792461 -3477101.92190102,-6212394.88754262 -3477150.89721112,-6212406.51301493 -3477162.40017216,-6212447.6196868 -3477202.87537769,-6212463.36534796 -3477221.58769899,-6212493.48605367 -3477269.95845205,-6212505.8291171 -3477293.2724068,-6212541.82224273 -3477260.06218062,-6212580.92584003 -3477209.88151968,-6212606.53952194 -3477166.30564969,-6212630.86132628 -3477139.57865657,-6212642.37987581 -3477107.09795672,-6212685.27640569 -3477014.23963027,-6212704.86970187 -3476965.38310711,-6212712.56454232 -3476951.23562652,-6212720.0783732 -3476947.15272951,-6212727.81511531 -3476901.70582053,-6212737.51709772 -3476882.69631611,-6212772.95295813 -3476810.09399419,-6212796.80090985 -3476764.19809569,-6212812.25354865 -3476753.34468969,-6212833.60281862 -3476680.43550057,-6212875.71321001 -3476591.882237,-6212922.89690547 -3476478.71194182,-6212955.43187819 -3476383.45263653,-6212973.22565795 -3476338.94724074,-6212858.1874901 -3476235.16088123,-6212586.35963785 -3476077.44585321,-6212539.0618182 -3476142.61474293,-6212522.47641433 -3476164.8885859,-6212462.12943706 -3476252.14944502,-6212448.6790907 -3476275.40438814,-6212354.87394117 -3476404.36523153,-6212261.95170137 -3476539.02662282,-6212189.06755716 -3476652.08265278,-6212163.90715248 -3476682.17145732,-6212159.2843807 -3476705.18694806,-6212074.32005378 -3476728.75092667,-6212032.36968784 -3476607.75317857,-6211888.04892794 -3476652.6165697)))
Sepé Tiarajú;MULTIPOLYGON(((-6212505.8291171 -3477293.2724068,-6212525.93676826 -3477336.48061812,-6212566.01301423 -3477409.26519573,-6212672.87165307 -3477296.27209545,-6212732.18035292 -3477238.99345605,-6212706.48118993 -3477215.34999482,-6212997.59427617 -3476908.93729199,-6213079.98579407 -3476820.70245699,-6213158.53726098 -3476734.16260371,-6213236.10607089 -3476653.18824624,-6213275.5162655 -3476608.74269176,-6212973.22565795 -3476338.94724074,-6212955.43187819 -3476383.45263653,-6212922.89690547 -3476478.71194182,-6212875.71321001 -3476591.882237,-6212833.60281862 -3476680.43550057,-6212812.25354865 -3476753.34468969,-6212796.80090985 -3476764.19809569,-6212772.95295813 -3476810.09399419,-6212737.51709772 -3476882.69631611,-6212727.81511531 -3476901.70582053,-6212720.0783732 -3476947.15272951,-6212712.56454232 -3476951.23562652,-6212704.86970187 -3476965.38310711,-6212685.27640569 -3477014.23963027,-6212642.37987581 -3477107.09795672,-6212630.86132628 -3477139.57865657,-6212606.53952194 -3477166.30564969,-6212580.92584003 -3477209.88151968,-6212541.82224273 -3477260.06218062,-6212505.8291171 -3477293.2724068)))
Ibirapuitã;MULTIPOLYGON(((-6208040.98654662 -3475561.13839047,-6208103.38743422 -3475641.08436318,-6208262.92595188 -3475965.65923997,-6208245.81883208 -3475981.55777987,-6208258.56443203 -3475985.98031298,-6208266.27521155 -3475996.06323225,-6208270.37740478 -3476010.8200888,-6207991.4081137 -3476050.1788955,-6208047.21164832 -3476145.50438456,-6207999.74970931 -3476164.28129955,-6208142.27270948 -3476322.70435732,-6208154.43554562 -3476349.60662951,-6208183.8548773 -3476406.69816195,-6208241.95616643 -3476521.37868828,-6208257.38856695 -3476554.53168365,-6208298.67462614 -3476682.48490916,-6208314.18199118 -3476736.74586053,-6208300.93054472 -3476821.50998529,-6208394.76440771 -3476794.95349436,-6208453.59315426 -3476776.83178048,-6208511.59385349 -3476761.37988211,-6208589.72182961 -3476738.28305025,-6208557.24307272 -3476603.55098066,-6208549.02485685 -3476584.95685932,-6208542.6802423 -3476566.82196075,-6208540.31635429 -3476558.5844081,-6208506.4868115 -3476568.4067173,-6208467.39474957 -3476417.68712681,-6208460.41940987 -3476387.7365637,-6208595.64628825 -3476348.94432437,-6208612.69752697 -3476344.46569615,-6208640.70150106 -3476337.92917291,-6208637.96006125 -3476328.32332382,-6208689.07084116 -3476315.20819279,-6208709.64859811 -3476308.28148427,-6208845.68227362 -3476270.31652382,-6208824.01466133 -3476233.13093502,-6208801.70393753 -3476179.51438832,-6208803.5201863 -3476162.2885485,-6208793.77740444 -3476156.43612399,-6208778.75007259 -3476109.46720072,-6208763.88782542 -3476046.89763924,-6208758.88979857 -3475978.68534141,-6208753.3361794 -3475963.02344034,-6208751.22396822 -3475930.97447585,-6208756.31674657 -3475912.96289533,-6208749.92003546 -3475899.75553667,-6208755.00411964 -3475882.5649855,-6208755.57721275 -3475828.37318964,-6208767.34434376 -3475797.29401055,-6208776.9295874 -3475740.7352718,-6208806.95553499 -3475682.75269652,-6208847.54043902 -3475630.63115978,-6208874.92414932 -3475590.68633121,-6208895.59018842 -3475567.91430962,-6208686.90912524 -3475445.79642278,-6208040.98654662 -3475561.13839047)))
Oswaldo Aranha;MULTIPOLYGON(((-6208589.72182961 -3476738.28305025,-6208650.28006437 -3476721.47910459,-6208709.69330299 -3476704.56484263,-6208742.92106641 -3476715.96355724,-6208969.6298208 -3476757.80364884,-6209091.2657947 -3476458.53064533,-6209083.2086223 -3476447.76899705,-6209051.3897592 -3476443.32365633,-6209031.07789487 -3476432.43121746,-6209009.1408696 -3476420.70031163,-6208976.62650429 -3476404.75041601,-6208948.16235272 -3476392.12846356,-6208945.0419528 -3476378.13455197,-6208923.10498738 -3476366.40343583,-6208908.43417736 -3476362.96197353,-6208882.59466998 -3476333.94380227,-6208855.11263837 -3476305.72921564,-6208850.41046763 -3476286.79116702,-6208845.68227363 -3476270.31652382,-6208709.64859811 -3476308.28148427,-6208689.07084116 -3476315.20819279,-6208637.96006125 -3476328.32332382,-6208640.70150106 -3476337.92917291,-6208612.69752697 -3476344.46569615,-6208595.64628825 -3476348.94432437,-6208460.41940987 -3476387.7365637,-6208467.39474957 -3476417.68712681,-6208506.4868115 -3476568.4067173,-6208540.31635429 -3476558.5844081,-6208542.6802423 -3476566.82196075,-6208549.02485686 -3476584.95685932,-6208557.24307272 -3476603.55098066,-6208589.72182961 -3476738.28305025)))
Promorar;MULTIPOLYGON(((-6208589.72182961 -3476738.28305025,-6208511.59385349 -3476761.37988211,-6208453.59315426 -3476776.83178048,-6208394.76440771 -3476794.95349436,-6208300.93054472 -3476821.50998529,-6208246.299698 -3476955.96410058,-6208210.99898643 -3477027.14475908,-6208127.29945837 -3477209.43683358,-6208142.44796481 -3477219.43093866,-6208142.83325668 -3477220.83535645,-6208164.35414307 -3477299.28386354,-6208192.30409034 -3477401.16703532,-6208230.74921935 -3477529.09835677,-6208460.99223528 -3477462.37344754,-6208501.09733156 -3477483.71866068,-6208521.70623553 -3477466.69234647,-6208529.41638978 -3477433.1023311,-6208540.41210356 -3477397.90498505,-6208549.8432624 -3477356.12079497,-6208555.77997922 -3477335.65240117,-6208564.14171051 -3477317.67395793,-6208570.00879355 -3477303.77502566,-6208582.53398195 -3477278.44962317,-6208622.94239451 -3477243.56741459,-6208654.87619041 -3477160.13969014,-6208684.7671294 -3477115.28995787,-6208729.48568082 -3477059.10114071,-6208793.42950834 -3476962.05506045,-6208829.01247744 -3476919.73012035,-6208860.51880223 -3476876.54042929,-6208896.97038823 -3476829.29743004,-6208928.3808375 -3476795.14049483,-6208969.6298208 -3476757.80364884,-6208742.92106641 -3476715.96355724,-6208709.69330299 -3476704.56484263,-6208650.28006437 -3476721.47910459,-6208589.72182961 -3476738.28305025)))
Honório Lemes;MULTIPOLYGON(((-6207877.60318729 -3477715.74940787,-6208062.97749308 -3477701.31596108,-6208354.64235368 -3477724.59730379,-6208421.64868416 -3477681.07234753,-6208478.79714306 -3477634.59696682,-6208514.21501462 -3477582.41350982,-6208495.01209463 -3477543.88114413,-6208483.30724316 -3477517.47461663,-6208501.09733156 -3477483.71866068,-6208460.99223528 -3477462.37344754,-6208230.74921935 -3477529.09835677,-6208192.30409034 -3477401.16703532,-6208164.35414307 -3477299.28386354,-6208142.83325668 -3477220.83535645,-6208127.29945837 -3477209.43683358,-6208119.43279233 -3477219.1020259,-6207932.9151705 -3477600.01071192,-6207908.20350772 -3477651.18172947,-6207877.60318729 -3477715.74940787)))
Airton Senna;MULTIPOLYGON(((-6207790.47465869 -3477894.31929692,-6207948.96489605 -3478180.00705749,-6208005.93321868 -3478147.49623082,-6208003.60051985 -3478141.86639468,-6208113.85202132 -3478076.36362375,-6208172.21567529 -3478084.67152662,-6208190.63138663 -3478094.72507167,-6208221.95729114 -3478137.53588469,-6208290.31286671 -3478260.43688639,-6208346.98237345 -3478376.64215136,-6208398.12025922 -3478383.40445426,-6208404.17385738 -3478348.81898303,-6208425.00694475 -3478261.16645075,-6208438.45326804 -3478253.98221045,-6208455.48020865 -3478189.55333941,-6208461.14803716 -3478168.80703157,-6208454.21388215 -3478154.67172614,-6208498.70994053 -3477980.47153902,-6208545.08908796 -3477963.82212445,-6208559.49520392 -3477744.6516173,-6208570.19209656 -3477543.59085354,-6208565.20914635 -3477499.73556486,-6208521.70623553 -3477466.69234647,-6208501.09733156 -3477483.71866068,-6208483.30724316 -3477517.47461663,-6208495.01209463 -3477543.88114413,-6208514.21501462 -3477582.41350982,-6208478.79714306 -3477634.59696682,-6208421.64868416 -3477681.07234753,-6208354.64235368 -3477724.59730379,-6208062.97749308 -3477701.31596108,-6207877.60318729 -3477715.74940787,-6207790.47465869 -3477894.31929692)))
Getúlio Vargas;MULTIPOLYGON(((-6207948.96489605 -3478180.00705749,-6208000.53596957 -3478268.43661472,-6208024.06202701 -3478312.09133491,-6208068.83259314 -3478388.39234745,-6208133.11528918 -3478384.52813017,-6208229.04011072 -3478381.37488667,-6208275.53448696 -3478379.84632282,-6208346.98237345 -3478376.64215136,-6208290.31286671 -3478260.43688639,-6208221.95729114 -3478137.53588469,-6208190.63138663 -3478094.72507167,-6208172.21567529 -3478084.67152662,-6208113.85202132 -3478076.36362375,-6208003.60051985 -3478141.86639468,-6208005.93321868 -3478147.49623082,-6207948.96489605 -3478180.00705749)))
Nova Brasília;MULTIPOLYGON(((-6207790.47465869 -3477894.31929692,-6207749.81704059 -3477974.98208315,-6207735.96535454 -3478006.78894192,-6207670.37629254 -3478139.21083585,-6207619.69812875 -3478244.07112964,-6207539.8062419 -3478406.19072149,-6207516.70861809 -3478454.3358166,-6207611.51595659 -3478453.16794442,-6207768.5747994 -3478438.43306896,-6207997.51509042 -3478426.65927166,-6208232.96862472 -3478417.14165046,-6208229.04011072 -3478381.37488667,-6208133.11528918 -3478384.52813017,-6208068.83259314 -3478388.39234745,-6208024.06202701 -3478312.09133491,-6208000.53596957 -3478268.43661472,-6207948.96489605 -3478180.00705749,-6207790.47465869 -3477894.31929692)))
Centenário;MULTIPOLYGON(((-6208040.98654662 -3475561.13839047,-6208030.26118044 -3475552.62896425,-6208001.76662286 -3475568.74627981,-6207970.9422611 -3475599.07187493,-6207953.25837317 -3475622.96936369,-6207929.3069149 -3475621.61707691,-6207915.1118668 -3475624.74922282,-6207898.64523656 -3475636.61593154,-6207884.05415222 -3475676.97011634,-6207846.72869189 -3475703.94102959,-6207824.87401727 -3475710.27533435,-6207804.01531336 -3475725.37960377,-6207789.7734886 -3475732.89065914,-6207770.06227068 -3475742.53267903,-6207757.78901013 -3475769.77299193,-6207732.8180371 -3475761.83997483,-6207706.65284179 -3475763.74816657,-6207680.35928737 -3475777.69875344,-6207624.51601319 -3475804.46993116,-6207572.02193561 -3475823.61268541,-6207546.74730452 -3475844.14344072,-6207502.42950929 -3475913.7398989,-6207471.17074467 -3475984.57221359,-6207499.32800456 -3476000.20477086,-6207534.79465238 -3476045.47877525,-6207575.52111731 -3476108.32848225,-6207610.88335665 -3476163.45594682,-6207655.37245233 -3476282.18842861,-6207520.03714419 -3476329.12767701,-6207178.61629049 -3476447.85677992,-6207046.31866048 -3476492.41448691,-6206922.53785098 -3476534.24529054,-6206803.57739799 -3476575.19316197,-6206654.8435342 -3476628.32869076,-6206569.2540792 -3476655.99826835,-6206463.79567597 -3476681.04562122,-6206355.11779247 -3476697.00876562,-6206315.74870738 -3476700.86673029,-6206424.38110652 -3476790.98422544,-6206554.96909426 -3476897.07994578,-6206703.21891272 -3477012.59587193,-6207098.40769669 -3477323.02227163,-6207119.86518 -3477330.14333487,-6207694.75947585 -3476840.78662596,-6208154.43554562 -3476349.60662951,-6208142.27270948 -3476322.70435732,-6207999.74970931 -3476164.28129955,-6208047.21164832 -3476145.50438456,-6207991.4081137 -3476050.1788955,-6208270.37740478 -3476010.8200888,-6208266.27521155 -3475996.06323225,-6208258.56443203 -3475985.98031298,-6208245.81883208 -3475981.55777987,-6208262.92595188 -3475965.65923997,-6208103.38743422 -3475641.08436318,-6208040.98654662 -3475561.13839047)))
Tancredo Neves;MULTIPOLYGON(((-6209625.48131191 -3475609.72300562,-6209538.48283865 -3475671.43770663,-6209526.314379 -3475743.03878721,-6209486.93590786 -3475752.38428901,-6209491.35382728 -3475774.08131272,-6209321.21895958 -3475806.65792815,-6209327.37787928 -3475849.70402082,-6209551.72821085 -3475811.6236572,-6209664.3669034 -3475783.40565019,-6209683.57754337 -3475777.12643423,-6209793.91103963 -3475741.06175835,-6209822.39285452 -3475722.75277051,-6209854.85011904 -3475695.92726225,-6209867.09764541 -3475685.24078681,-6209850.37743103 -3475652.23587387,-6209818.19668749 -3475659.96046217,-6209807.18654638 -3475610.14098864,-6209720.3005378 -3475609.94146554,-6209625.48131191 -3475609.72300562)))
Capão do Angico;MULTIPOLYGON(((-6206283.80955335 -3477531.04571277,-6206288.01156271 -3477551.65600492,-6206303.46177301 -3477641.67423027,-6206315.38224525 -3477720.65250369,-6206339.85522496 -3477819.93862603,-6206342.71408867 -3477893.31824162,-6206360.08789581 -3477974.19109366,-6206363.23208138 -3477986.00612136,-6206566.33805811 -3477918.72579057,-6206614.22267828 -3477895.14642395,-6206847.69783174 -3477656.9054025,-6207119.86518 -3477330.14333487,-6207098.40769669 -3477323.02227163,-6206703.21891272 -3477012.59587193,-6206554.96909426 -3476897.07994578,-6206424.38110652 -3476790.98422544,-6206315.74870738 -3476700.86673029,-6206303.00176179 -3476702.06742376,-6206188.13912595 -3476701.0853737,-6206141.73128964 -3476735.93962751,-6206174.5116976 -3476910.48540809,-6206193.31231505 -3477028.03978882,-6206197.59920924 -3477138.10273228,-6206215.37333001 -3477263.96377116,-6206215.57063987 -3477332.66268123,-6206224.13826129 -3477384.0979427,-6206256.22290918 -3477454.12592995,-6206274.14866125 -3477483.65955298,-6206283.80955335 -3477531.04571277)))
Segabinazi;MULTIPOLYGON(((-6206307.65121709 -3478016.04732429,-6206557.62170277 -3478786.04010589,-6206594.97977979 -3478807.80138185,-6206686.74455893 -3478785.79942406,-6206729.05438682 -3478753.08879548,-6206747.71148594 -3478714.7806189,-6206739.23950913 -3478654.17221495,-6206720.0774195 -3478569.6085912,-6206696.57387235 -3478455.29509294,-6206674.28003298 -3478304.84653497,-6206681.13134018 -3478288.61532808,-6206674.09016093 -3478264.69984051,-6206668.93243482 -3478235.30353343,-6206667.93541842 -3478158.2747529,-6206655.65799176 -3478112.2976637,-6206634.43641839 -3478049.71997239,-6206606.09554624 -3477970.56157457,-6206570.82851048 -3477924.33430937,-6206566.33805811 -3477918.72579057,-6206363.23208138 -3477986.00612136,-6206304.56651838 -3478005.43884058,-6206306.09297644 -3478011.24735049,-6206307.65121709 -3478016.04732429)))
Santos Dumont;MULTIPOLYGON(((-6206686.74455893 -3478785.79942406,-6206712.12287809 -3478800.58508328,-6206764.5179494 -3478848.83365872,-6206816.72249449 -3478744.87045165,-6206833.33858496 -3478726.71218222,-6206867.02321016 -3478648.2225461,-6206917.24438109 -3478558.90945284,-6207029.35757413 -3478312.56090064,-6207119.06449685 -3478113.65109364,-6207191.8206208 -3477964.07100707,-6207279.56105951 -3477777.97998644,-6207243.10723838 -3477759.29778028,-6207242.28953554 -3477736.07081646,-6207211.02701107 -3477632.79292306,-6207169.46669203 -3477499.08332343,-6207119.86518 -3477330.14333487,-6206847.69783174 -3477656.9054025,-6206614.22267828 -3477895.14642395,-6206566.33805811 -3477918.72579057,-6206570.82851048 -3477924.33430937,-6206606.09554624 -3477970.56157457,-6206634.43641839 -3478049.71997239,-6206655.65799176 -3478112.2976637,-6206667.93541842 -3478158.2747529,-6206668.93243482 -3478235.30353343,-6206674.09016093 -3478264.69984051,-6206681.13134018 -3478288.61532808,-6206674.28003298 -3478304.84653497,-6206696.57387235 -3478455.29509294,-6206720.0774195 -3478569.6085912,-6206739.23950913 -3478654.17221495,-6206747.71148594 -3478714.7806189,-6206729.05438682 -3478753.08879548,-6206686.74455893 -3478785.79942406)))
Dr. Romário;MULTIPOLYGON(((-6206307.65121709 -3478016.04732429,-6206304.56651838 -3478005.43884058,-6206021.05631309 -3478094.51538715,-6205905.83700157 -3478142.1092865,-6205909.03383662 -3478150.01636632,-6205974.79007352 -3478312.10506615,-6206012.54561649 -3478386.41273419,-6206050.21932951 -3478464.89536391,-6206085.4637933 -3478538.8681642,-6206113.80268008 -3478618.03110834,-6206095.8668993 -3478627.28578924,-6206132.14048413 -3478725.49227046,-6206157.95498763 -3478782.26827456,-6206182.1057756 -3478837.76147151,-6206204.17767908 -3478891.54593332,-6206231.55237324 -3478959.30138619,-6206241.06494429 -3478999.02356436,-6206325.4614484 -3478955.92931009,-6206439.2450179 -3478894.81552533,-6206519.97176271 -3478853.51417652,-6206547.53467772 -3478835.47507986,-6206594.97977979 -3478807.80138185,-6206557.62170277 -3478786.04010589,-6206307.65121709 -3478016.04732429)))
Palma;MULTIPOLYGON(((-6206095.8668993 -3478627.28578924,-6206030.57457069 -3478652.71311753,-6205934.9060789 -3478694.25126723,-6205912.17376336 -3478703.8559248,-6205929.9518074 -3478747.14503918,-6205933.48177466 -3478758.18657796,-6205926.10505101 -3478765.4414767,-6205910.49886264 -3478774.44033015,-6206040.11531391 -3479105.95003404,-6206241.06494429 -3478999.02356436,-6206231.55237324 -3478959.30138619,-6206204.17767908 -3478891.54593332,-6206182.1057756 -3478837.76147151,-6206157.95498763 -3478782.26827456,-6206132.14048413 -3478725.49227046,-6206095.8668993 -3478627.28578924)))
Favila;MULTIPOLYGON(((-6205909.03383662 -3478150.01636632,-6205905.83700157 -3478142.1092865,-6205711.82029703 -3478224.99120623,-6205714.24850762 -3478231.69646878,-6205750.32104746 -3478314.01215177,-6205781.197397 -3478394.84262908,-6205813.14498505 -3478472.00541325,-6205832.77568617 -3478518.59502002,-6205849.59822676 -3478553.34957335,-6205912.17376336 -3478703.8559248,-6205934.9060789 -3478694.25126722,-6206030.57457069 -3478652.71311753,-6206095.8668993 -3478627.28578924,-6206113.80268008 -3478618.03110834,-6206085.4637933 -3478538.8681642,-6206050.21932951 -3478464.89536391,-6206012.54561649 -3478386.41273419,-6205974.79007352 -3478312.10506615,-6205909.03383662 -3478150.01636632)))
Saint Pastous;MULTIPOLYGON(((-6205100.92774916 -3477638.82150446,-6205126.51004218 -3477704.82687882,-6205171.5310694 -3477813.55281198,-6205229.37919439 -3477954.29903482,-6205299.86511795 -3478129.74899194,-6205332.95618253 -3478209.17845398,-6205359.87239562 -3478274.27435068,-6205390.95120043 -3478353.24050739,-6205711.82029703 -3478224.99120623,-6205905.83700157 -3478142.1092865,-6206021.05631309 -3478094.51538715,-6206304.56651838 -3478005.43884058,-6206363.23208138 -3477986.00612136,-6206360.08789581 -3477974.19109366,-6206342.71408867 -3477893.31824162,-6206339.85522496 -3477819.93862603,-6206315.38224525 -3477720.65250369,-6206303.46177301 -3477641.67423027,-6206288.01156271 -3477551.65600492,-6206283.80955335 -3477531.04571277,-6206116.54924875 -3477602.16419618,-6205843.57423485 -3477707.37488697,-6205620.02770158 -3477796.61757328,-6205493.90393033 -3477481.6785933,-6205439.65512046 -3477504.29898543,-6205100.92774916 -3477638.82150446)))
N.S. Conceição Aparecida;MULTIPOLYGON(((-6205100.92774916 -3477638.82150446,-6205097.36533275 -3477624.94348295,-6204706.08131686 -3477787.50905896,-6204735.11252074 -3477885.93172325,-6204809.676635 -3477907.83967397,-6204944.03700852 -3478051.430402,-6204955.16878637 -3478068.00921396,-6204997.73292202 -3478173.85408684,-6205026.49847305 -3478241.32621026,-6205050.30286844 -3478233.90752916,-6205079.1391788 -3478303.0773766,-6205107.3452437 -3478373.87427954,-6205144.5074744 -3478461.89024802,-6205163.70596491 -3478450.54555013,-6205390.95120043 -3478353.24050739,-6205359.87239562 -3478274.27435068,-6205332.95618253 -3478209.17845398,-6205299.86511795 -3478129.74899194,-6205229.37919439 -3477954.29903482,-6205171.5310694 -3477813.55281198,-6205126.51004218 -3477704.82687882,-6205100.92774916 -3477638.82150446)))
Ulisses Guimarães;MULTIPOLYGON(((-6204955.16878637 -3478068.00921397,-6204886.96008189 -3478097.97976179,-6204801.26032959 -3478134.90188963,-6204858.86168244 -3478230.55397419,-6204899.75968548 -3478293.51619877,-6204939.61668001 -3478362.36128908,-6204980.86642876 -3478426.57444316,-6205029.09667625 -3478509.91998497,-6205144.5074744 -3478461.89024802,-6205107.3452437 -3478373.87427954,-6205079.1391788 -3478303.0773766,-6205050.30286844 -3478233.90752916,-6205026.49847305 -3478241.32621026,-6204997.73292202 -3478173.85408684,-6204955.16878637 -3478068.00921397)))
Balneário Caverá;MULTIPOLYGON(((-6207476.60566357 -3479299.67510302,-6207574.99599413 -3479553.2901958,-6207594.52216156 -3479610.42091601,-6207613.79112179 -3479652.37026655,-6207628.68899271 -3479671.50438771,-6207658.31302639 -3479686.58079847,-6207801.45399661 -3479742.30676453,-6207893.02364489 -3479780.76480761,-6207947.7645766 -3479802.94804729,-6208015.02102066 -3479836.69800429,-6208084.69038831 -3479881.27086282,-6208209.47756177 -3479972.16508331,-6208276.53321718 -3480024.96613565,-6208324.12313163 -3480066.12569216,-6208379.75221298 -3480123.88515559,-6208438.97763316 -3480200.10243665,-6208462.12096734 -3480222.58069292,-6208545.16328156 -3480317.47272045,-6208628.7512332 -3480420.62794706,-6208812.04430524 -3480656.96446648,-6208843.49765613 -3480610.93331611,-6208913.35153544 -3480539.96699234,-6208888.42439453 -3480136.20498512,-6208941.45134712 -3479953.36837321,-6208927.51402375 -3479890.86311612,-6208851.73660775 -3479809.3575083,-6208964.03821458 -3479542.79609486,-6208943.88869041 -3479377.52570106,-6209132.30751716 -3479159.46545601,-6209372.69200168 -3478857.601093,-6209499.60751503 -3478587.54204266,-6209500.07065931 -3478543.53512711,-6209372.52025802 -3478527.50795755,-6209282.0773327 -3478515.39587209,-6209163.84052016 -3478510.34194323,-6209049.72237717 -3478512.49793546,-6208957.36061486 -3478519.94436186,-6208883.85948438 -3478528.85630591,-6208790.52932665 -3478548.51750406,-6208719.03581735 -3478565.88205317,-6208644.57921866 -3478585.74402285,-6208572.15710032 -3478611.52973668,-6208492.96578174 -3478642.72346515,-6208371.10339918 -3478702.54993793,-6208293.50382344 -3478741.77002237,-6208212.92110095 -3478793.85803243,-6208146.853473 -3478829.82588853,-6208073.37074543 -3478876.71699059,-6208003.34308188 -3478927.95576487,-6207915.34035012 -3478981.38251152,-6207752.84864417 -3479091.37568228,-6207700.04567794 -3479125.80094031,-6207676.37717218 -3479142.41056776,-6207568.27608915 -3479209.12568232,-6207493.92833326 -3479248.84590706,-6207476.60566357 -3479299.67510302)))
Projetado;MULTIPOLYGON(((-6208127.29945837 -3477209.43683358,-6208142.83325668 -3477220.83535645,-6208142.44796481 -3477219.43093866,-6208127.29945837 -3477209.43683358)),((-6208127.29945837 -3477209.43683358,-6208210.99898643 -3477027.14475908,-6208246.299698 -3476955.96410058,-6208300.93054472 -3476821.50998529,-6208314.18199118 -3476736.74586053,-6208298.67462614 -3476682.48490916,-6208257.38856695 -3476554.53168365,-6208241.95616643 -3476521.37868828,-6208183.8548773 -3476406.69816195,-6208154.43554562 -3476349.60662951,-6207694.75947585 -3476840.78662596,-6207119.86518 -3477330.14333487,-6207169.46669203 -3477499.08332343,-6207211.02701107 -3477632.79292306,-6207242.28953554 -3477736.07081646,-6207243.10723838 -3477759.29778028,-6207279.56105951 -3477777.97998644,-6207191.8206208 -3477964.07100707,-6207119.06449685 -3478113.65109364,-6207029.35757413 -3478312.56090064,-6206917.24438109 -3478558.90945284,-6206867.02321016 -3478648.2225461,-6206833.33858496 -3478726.71218222,-6206816.72249449 -3478744.87045165,-6206764.5179494 -3478848.83365872,-6206712.12287809 -3478800.58508328,-6206686.74455893 -3478785.79942406,-6206575.91183576 -3478996.24643855,-6206670.34745291 -3479037.61714055,-6206997.20820672 -3479184.20443935,-6207124.84002299 -3479192.92159051,-6207263.37942672 -3479205.42314237,-6207417.25932706 -3479148.40047325,-6207338.52066981 -3478874.88333913,-6207339.42243525 -3478829.78120854,-6207516.70861809 -3478454.3358166,-6207539.8062419 -3478406.19072149,-6207619.69812875 -3478244.07112964,-6207670.37629254 -3478139.21083585,-6207735.96535454 -3478006.78894192,-6207749.81704059 -3477974.98208315,-6207790.47465869 -3477894.31929692,-6207877.60318729 -3477715.74940787,-6207908.20350772 -3477651.18172947,-6207932.9151705 -3477600.01071192,-6208119.43279233 -3477219.1020259,-6208127.29945837 -3477209.43683358)))
Cidade Alta;MULTIPOLYGON(((-6210755.96924388 -3476440.51097252,-6210755.7207401 -3476440.63070205,-6210761.996958 -3476472.23260562,-6210772.55388547 -3476500.56009072,-6210776.28475138 -3476527.39310905,-6210772.11906399 -3476542.28734986,-6210789.10182703 -3476565.22897744,-6210808.7214778 -3476584.1675188,-6210824.22606869 -3476590.49560651,-6210846.83945838 -3476593.81606416,-6210878.47591036 -3476591.54057304,-6210909.65056248 -3476588.31169669,-6210940.26694229 -3476593.37599306,-6210972.26426493 -3476601.77419876,-6211000.71829396 -3476610.60932096,-6211129.16149794 -3476699.77017204,-6211181.35107706 -3476682.19184817,-6211185.18588737 -3476681.18096546,-6211338.22017619 -3476640.84032559,-6211352.37501418 -3476691.388875,-6211389.61314699 -3476808.67786345,-6211423.26189568 -3476908.14623807,-6211433.35354222 -3476958.75862979,-6211466.45986491 -3477087.86275711,-6211353.99445279 -3477121.18854431,-6211311.20052292 -3477133.86896457,-6211366.3059414 -3477320.4937234,-6211416.15048572 -3477479.55338312,-6211451.29676859 -3477649.67290317,-6211624.04703117 -3477601.45519622,-6211728.37285201 -3477994.13416885,-6211907.15285949 -3477944.56924147,-6211958.01633554 -3477929.55551934,-6211981.14900972 -3477923.47323544,-6212012.89016998 -3477910.73762451,-6212071.8291245 -3477892.02025374,-6212067.2413619 -3477875.51256483,-6212054.438737 -3477829.44525007,-6212028.79988707 -3477753.29427567,-6212008.64467509 -3477685.99931582,-6212053.38171245 -3477672.82291669,-6212065.02558761 -3477671.96976957,-6212183.61384044 -3477642.99621368,-6212212.7485062 -3477638.4272017,-6212206.3841378 -3477597.43183129,-6212183.45364545 -3477470.50848296,-6212183.42943122 -3477442.10171951,-6212178.84118708 -3477411.73828786,-6212178.32519198 -3477408.32340646,-6212176.50190586 -3477392.4769731,-6212177.93849737 -3477364.47685694,-6212159.31429683 -3477258.89268338,-6212129.32595773 -3477116.51572091,-6212126.62942865 -3477093.30216035,-6212108.76794654 -3477097.78401375,-6212100.21127699 -3477077.42917668,-6212078.20890234 -3477043.27698807,-6212019.20465522 -3476948.93374638,-6211977.15812359 -3476882.0820062,-6211956.43130856 -3476851.79821295,-6211923.50048819 -3476793.63264431,-6211901.85956497 -3476756.40084774,-6211888.46698149 -3476716.28148387,-6211879.24099398 -3476654.72930935,-6211888.04892794 -3476652.6165697,-6211897.08210144 -3476630.79092985,-6211900.31014912 -3476590.58339816,-6211905.02051349 -3476560.91423173,-6211904.33173403 -3476536.24724354,-6211900.874354 -3476505.54449864,-6211895.4887261 -3476473.90138057,-6211884.50115444 -3476446.253596,-6211876.81784352 -3476428.78521906,-6211876.40439136 -3476407.91511092,-6211845.20923421 -3476306.79308791,-6211818.90644499 -3476308.76656134,-6211757.28059316 -3476133.21784607,-6211727.79314497 -3476143.13895795,-6211567.8997098 -3476193.73577004,-6211401.84283319 -3476245.39030776,-6211244.52553155 -3476293.35829284,-6211081.26934837 -3476344.33567458,-6210861.2600253 -3476409.73137296,-6210801.172341 -3476427.29691191,-6210755.96924388 -3476440.51097252)))
Assunção;MULTIPOLYGON(((-6210915.90319877 -3477448.41608878,-6210857.00136145 -3477465.78313001,-6210533.38969673 -3477549.68535319,-6210472.04814365 -3477945.66352861,-6210491.37144503 -3477957.25559402,-6210623.02877802 -3477917.42308028,-6210736.18555335 -3477931.02436663,-6210782.69985352 -3477935.3085249,-6210953.07064162 -3477955.08864582,-6211078.68882544 -3477989.43284974,-6211173.25571894 -3478011.50515088,-6211314.634871 -3478049.66636499,-6211377.34069635 -3478070.13836826,-6211420.91998168 -3478074.38937717,-6211511.90576767 -3478077.87208628,-6211567.2066766 -3478043.88126231,-6211602.17059588 -3478029.49179649,-6211661.45998897 -3478015.35673327,-6211728.37285201 -3477994.13416885,-6211624.04703117 -3477601.45519622,-6211451.29676859 -3477649.67290317,-6211416.15048572 -3477479.55338312,-6211366.3059414 -3477320.4937234,-6211172.29797838 -3477369.60805507,-6210915.90319877 -3477448.41608878)))
Medianeira;MULTIPOLYGON(((-6210466.60324677 -3478382.98434823,-6210504.79878058 -3478510.05358179,-6210742.42714036 -3478424.09097358,-6210766.04567108 -3478483.78799607,-6210654.34736468 -3478828.67639953,-6210733.66401501 -3478874.48398169,-6210841.96055113 -3478930.34014889,-6211229.68581781 -3479151.78229911,-6211334.26647039 -3479206.84705288,-6211529.28558132 -3479314.57794971,-6211568.36980732 -3479097.43302733,-6211634.54257895 -3478872.70041922,-6211686.10048122 -3478684.4614416,-6211709.25783953 -3478601.86448045,-6211730.56606259 -3478529.67531005,-6211796.84696766 -3478322.00599607,-6211827.51965721 -3478222.40514923,-6211784.50742104 -3478203.8273792,-6211701.33624237 -3478174.71147995,-6211629.86542534 -3478149.9332997,-6211604.49433626 -3478137.85345804,-6211592.90050259 -3478133.83402068,-6211588.50952198 -3478133.48024785,-6211571.0601434 -3478117.27724554,-6211560.69279417 -3478105.78596433,-6211535.76404372 -3478082.75937852,-6211511.90576767 -3478077.87208628,-6211420.91998168 -3478074.38937717,-6211377.34069635 -3478070.13836826,-6211314.634871 -3478049.66636499,-6211173.25571894 -3478011.50515088,-6211078.68882544 -3477989.43284974,-6210953.07064162 -3477955.08864582,-6210782.69985352 -3477935.3085249,-6210736.18555335 -3477931.02436663,-6210623.02877802 -3477917.42308028,-6210491.37144503 -3477957.25559402,-6210415.36255177 -3477979.07821037,-6210339.66448972 -3478003.41329004,-6210420.96784315 -3478254.33867555,-6210466.60324677 -3478382.98434823)))
Praça da Lagoa;MULTIPOLYGON(((-6211827.51965721 -3478222.40514923,-6211904.43070048 -3478248.50391182,-6211912.30921734 -3478282.3803859,-6211948.57728978 -3478338.30859839,-6211992.22378525 -3478236.35115128,-6211953.7338884 -3478104.83550357,-6211907.15285949 -3477944.56924147,-6211728.37285201 -3477994.13416885,-6211661.45998897 -3478015.35673327,-6211602.17059588 -3478029.49179649,-6211567.2066766 -3478043.88126231,-6211511.90576767 -3478077.87208628,-6211535.76404372 -3478082.75937852,-6211560.69279417 -3478105.78596433,-6211571.0601434 -3478117.27724554,-6211588.50952198 -3478133.48024785,-6211592.90050259 -3478133.83402068,-6211604.49433626 -3478137.85345804,-6211629.86542534 -3478149.9332997,-6211701.33624237 -3478174.71147995,-6211784.50742104 -3478203.8273792,-6211827.51965721 -3478222.40514923)))
Área Militar;MULTIPOLYGON(((-6211789.23796812 -3479417.73890251,-6211801.2060788 -3479420.63751305,-6211884.81663804 -3479440.88685695,-6211895.60328598 -3479429.3038404,-6211934.82105212 -3479387.80405,-6211959.49432585 -3479346.15253646,-6211977.32994128 -3479309.30276203,-6211986.45923562 -3479270.41302624,-6211990.76049826 -3479229.52361783,-6211996.20256564 -3479172.07778578,-6212000.39311637 -3479141.90838581,-6212000.70523648 -3479111.6985761,-6212022.47946717 -3478787.38350047,-6212030.47424512 -3478670.51661333,-6212031.66186881 -3478657.20409877,-6212048.0198716 -3478473.83580876,-6211948.57728978 -3478338.30859839,-6211912.30921734 -3478282.3803859,-6211904.43070048 -3478248.50391182,-6211827.51965721 -3478222.40514923,-6211796.84696766 -3478322.00599607,-6211730.56606259 -3478529.67531005,-6211709.25783953 -3478601.86448045,-6211686.10048122 -3478684.4614416,-6211634.54257895 -3478872.70041922,-6211568.36980732 -3479097.43302733,-6211529.28558132 -3479314.57794971,-6211677.02586883 -3479379.0873753,-6211789.23796812 -3479417.73890251)))
Atlântida;MULTIPOLYGON(((-6212031.66186881 -3478657.20409877,-6212118.71791021 -3478660.53232717,-6212211.74445435 -3478669.93401177,-6212226.89632342 -3478583.6632342,-6212247.28976067 -3478477.21091596,-6212266.59387339 -3478390.61693424,-6212256.80179986 -3478409.01131413,-6212158.14430766 -3478376.36375448,-6212047.75679512 -3478342.3284364,-6212028.41556343 -3478346.76422437,-6211992.22378525 -3478236.35115128,-6211948.57728978 -3478338.30859839,-6212048.0198716 -3478473.83580876,-6212031.66186881 -3478657.20409877)))
Olhos D'água;MULTIPOLYGON(((-6212190.82471817 -3479488.07559767,-6212218.07205839 -3479490.04606417,-6212224.42045528 -3479484.63106093,-6212250.49631226 -3479478.15663372,-6212270.75193525 -3479466.56203494,-6212283.37476248 -3479462.89886517,-6212293.15707838 -3479449.93019532,-6212299.53584886 -3479441.56403313,-6212305.89288083 -3479435.30579316,-6212319.21314869 -3479404.66563836,-6212329.19091742 -3479372.72578817,-6212322.65277191 -3479350.41572683,-6212304.77490801 -3479289.41130574,-6212264.65773446 -3479152.38786063,-6212262.5887018 -3479146.01179153,-6212254.08695744 -3479119.81310718,-6212245.9458571 -3479095.6959868,-6212207.18357861 -3478960.08705081,-6212118.71791021 -3478660.53232717,-6212031.66186881 -3478657.20409877,-6212030.47424512 -3478670.51661333,-6212022.47946717 -3478787.38350047,-6212000.70523648 -3479111.6985761,-6212000.39311637 -3479141.90838581,-6211996.20256564 -3479172.07778578,-6211990.76049826 -3479229.52361783,-6211986.45923562 -3479270.41302624,-6211977.32994128 -3479309.30276203,-6211959.49432585 -3479346.15253646,-6211934.82105212 -3479387.80405,-6211895.60328598 -3479429.3038404,-6211884.81663804 -3479440.88685695,-6211922.39226393 -3479450.6118508,-6212076.42610057 -3479475.92030586,-6212190.82471817 -3479488.07559767)))
Piola;MULTIPOLYGON(((-6212086.0072627 -3479865.98719844,-6212188.1202436 -3480025.92433002,-6212228.1992636 -3480012.98439179,-6212300.61399923 -3479988.01830405,-6212369.24454056 -3479963.85579337,-6212364.8602489 -3479860.08561604,-6212354.58807808 -3479717.04246057,-6212348.74519318 -3479551.2789158,-6212339.53452863 -3479549.49651454,-6212328.65897339 -3479546.43180347,-6212306.95145463 -3479536.08659889,-6212294.05686135 -3479525.41149916,-6212260.27632085 -3479506.08619923,-6212218.07205839 -3479490.04606417,-6212190.82471817 -3479488.07559767,-6212076.42610057 -3479475.92030586,-6211922.39226393 -3479450.6118508,-6211884.81663804 -3479440.88685695,-6211801.2060788 -3479420.63751305,-6211866.46650459 -3479527.43819563,-6211991.44246437 -3479726.59789495,-6212086.0072627 -3479865.98719844)))
Gamino;MULTIPOLYGON(((-6212836.7488667 -3479473.21267831,-6212650.26146703 -3479502.46556986,-6212635.82737231 -3479491.59458464,-6212400.24071958 -3479520.61411643,-6212375.26679309 -3479542.27902178,-6212348.74519318 -3479551.2789158,-6212354.58807808 -3479717.04246057,-6212364.8602489 -3479860.08561604,-6212369.24454056 -3479963.85579337,-6212538.38576031 -3479903.68742744,-6212797.49457608 -3479808.08195826,-6212843.90915022 -3479810.72552111,-6212923.47861694 -3479783.30057503,-6212984.12837262 -3479759.89568254,-6212836.7488667 -3479473.21267831)))
Renascer;MULTIPOLYGON(((-6211221.94774349 -3480369.86535058,-6211339.31113943 -3480326.12043655,-6211397.6720855 -3480308.17970865,-6211459.44713875 -3480284.65236056,-6211601.2473657 -3480233.70516834,-6211496.90707366 -3479910.51099564,-6211110.48716718 -3480047.7843237,-6211221.94774349 -3480369.86535058)))
Alberto Grande;MULTIPOLYGON(((-6212207.18357861 -3478960.08705081,-6212233.13595481 -3478952.33732273,-6212261.48479729 -3478930.21678672,-6212396.92850209 -3478866.32872167,-6212503.13338669 -3478816.75445485,-6212673.62933281 -3478738.6094949,-6212676.71829176 -3478721.09912349,-6212658.94309813 -3478717.36427526,-6212617.07310246 -3478713.20525649,-6212523.21273171 -3478703.23564364,-6212453.37107799 -3478696.32591733,-6212389.66947378 -3478690.60404688,-6212301.40778406 -3478680.12891063,-6212211.74445435 -3478669.93401177,-6212118.71791021 -3478660.53232717,-6212207.18357861 -3478960.08705081)))
Independência;MULTIPOLYGON(((-6211129.16149794 -3476699.77017204,-6211155.97798714 -3476747.65947718,-6211162.28279505 -3476772.25074488,-6211165.36923826 -3476784.28942966,-6211175.386801 -3476816.1658881,-6211190.4901049 -3476864.22488537,-6211203.36231017 -3476887.34519514,-6211219.82524829 -3476915.02391848,-6211227.94867551 -3476927.91356957,-6211242.95994356 -3476936.37028301,-6211272.06468119 -3477018.95670717,-6211311.20052292 -3477133.86896457,-6211353.99445279 -3477121.18854431,-6211466.45986491 -3477087.86275711,-6211433.35354222 -3476958.75862979,-6211423.26189568 -3476908.14623807,-6211389.61314699 -3476808.67786345,-6211352.37501418 -3476691.388875,-6211338.22017619 -3476640.84032559,-6211185.18588737 -3476681.18096546,-6211181.35107706 -3476682.19184817,-6211129.16149794 -3476699.77017204)))
São João;MULTIPOLYGON(((-6210533.38969673 -3477549.68535319,-6210857.00136145 -3477465.78313001,-6210915.90319877 -3477448.41608878,-6211172.29797838 -3477369.60805507,-6211366.3059414 -3477320.4937234,-6211311.20052292 -3477133.86896457,-6211272.06468119 -3477018.95670717,-6211242.95994356 -3476936.37028301,-6211227.94867551 -3476927.91356957,-6211219.82524829 -3476915.02391848,-6211203.36231017 -3476887.34519514,-6211190.4901049 -3476864.22488537,-6211175.386801 -3476816.1658881,-6211165.36923826 -3476784.28942966,-6211162.28279505 -3476772.25074488,-6211082.03511467 -3476779.20642441,-6211089.79610524 -3476853.63174883,-6210961.62391867 -3476868.0115897,-6210894.32017825 -3476774.37407524,-6210824.67177436 -3476769.35230628,-6210779.18783359 -3476766.01419512,-6210774.39952414 -3476816.00279414,-6210758.35181985 -3476854.4354914,-6210738.00726529 -3476895.6823419,-6210713.45511704 -3476931.16622352,-6210687.54029145 -3476960.91703453,-6210640.20085222 -3476999.02032158,-6210602.44969976 -3477208.7910587,-6210563.48380744 -3477398.53570561,-6210533.38969673 -3477549.68535319)))
Porto dos Aguateiros;MULTIPOLYGON(((-6210493.90974888 -3476602.27856708,-6210571.36221541 -3476643.73215958,-6210589.64308455 -3476663.94023763,-6210622.13221592 -3476685.72781452,-6210633.34656206 -3476701.57240862,-6210670.34117599 -3476700.53245414,-6210694.57984939 -3476695.06914134,-6210727.21814925 -3476702.5612783,-6210764.07879976 -3476714.38680778,-6210773.79648865 -3476737.36385976,-6210779.18783359 -3476766.01419512,-6210824.67177436 -3476769.35230628,-6210894.32017825 -3476774.37407524,-6210961.62391867 -3476868.0115897,-6211089.79610524 -3476853.63174883,-6211082.03511467 -3476779.20642441,-6211162.28279505 -3476772.25074488,-6211155.97798714 -3476747.65947718,-6211129.16149794 -3476699.77017204,-6211000.71829396 -3476610.60932096,-6210972.26426493 -3476601.77419876,-6210940.26694229 -3476593.37599306,-6210909.65056248 -3476588.31169669,-6210878.47591036 -3476591.54057304,-6210846.83945838 -3476593.81606416,-6210824.22606869 -3476590.49560651,-6210808.7214778 -3476584.1675188,-6210789.10182703 -3476565.22897744,-6210772.11906399 -3476542.28734986,-6210776.28475138 -3476527.39310905,-6210772.55388547 -3476500.56009072,-6210761.996958 -3476472.23260562,-6210755.7207401 -3476440.63070205,-6210755.96924388 -3476440.51097252,-6210714.70791408 -3476452.57256905,-6210708.06353927 -3476456.29635799,-6210692.21695878 -3476434.32286621,-6210646.59469484 -3476459.28102979,-6210493.90974888 -3476602.27856708)))
José de Abreu;MULTIPOLYGON(((-6212984.12837262 -3479759.89568254,-6213049.17434585 -3479915.38529997,-6213065.98243318 -3479941.29992969,-6213226.77312016 -3479940.10385619,-6213228.67238997 -3479926.86789374,-6213362.05621714 -3479929.09006625,-6213396.55045748 -3480001.96968323,-6213425.36636869 -3480055.81670723,-6213414.7891467 -3480059.31067922,-6213463.48683597 -3480167.06773557,-6213553.5108945 -3480129.3852444,-6213617.00138656 -3480059.71529101,-6213648.60926973 -3480031.93116338,-6213719.47131516 -3479994.43201671,-6213728.54057483 -3479982.71936033,-6213725.31084425 -3479970.31776018,-6213708.45956979 -3479940.67570631,-6213695.31604598 -3479913.13324989,-6213679.22750476 -3479886.40382112,-6213646.7088057 -3479825.35190545,-6213631.02289354 -3479784.11531727,-6213499.81757736 -3479814.22230427,-6213355.95393864 -3479829.89691572,-6213206.50724761 -3479797.19405308,-6212984.12837262 -3479759.89568254)))
Anita Garibaldi;MULTIPOLYGON(((-6212207.18357861 -3478960.08705081,-6212245.9458571 -3479095.6959868,-6212254.08695744 -3479119.81310718,-6212262.5887018 -3479146.01179153,-6212264.65773446 -3479152.38786063,-6212326.18748168 -3479152.03054536,-6212334.63942704 -3479080.00371681,-6212382.93318735 -3479087.65599873,-6212383.18359 -3479063.34965179,-6212389.47768135 -3479004.78791691,-6212407.05643011 -3478955.63827709,-6212454.71552995 -3478973.07110196,-6212414.38278412 -3478906.69251532,-6212395.92176031 -3478898.1003767,-6212396.92850209 -3478866.32872167,-6212261.48479729 -3478930.21678672,-6212233.13595481 -3478952.33732273,-6212207.18357861 -3478960.08705081)))
Fronteira Oeste;MULTIPOLYGON(((-6212414.38278412 -3478906.69251532,-6212454.71552995 -3478973.07110196,-6212471.91614237 -3478968.37800565,-6212577.4709937 -3478916.65735597,-6212701.81234556 -3478857.77457518,-6212718.47636023 -3478760.13425569,-6212725.41226522 -3478725.92429281,-6212700.57597408 -3478722.57546582,-6212684.76776414 -3478720.44397744,-6212676.71829176 -3478721.09912349,-6212673.62933281 -3478738.6094949,-6212503.13338669 -3478816.75445485,-6212396.92850209 -3478866.32872167,-6212395.92176031 -3478898.1003767,-6212414.38278412 -3478906.69251532)))
Novo Lar;MULTIPOLYGON(((-6212454.71552995 -3478973.07110196,-6212407.05643011 -3478955.63827709,-6212389.47768135 -3479004.78791691,-6212383.18359 -3479063.34965179,-6212382.93318735 -3479087.65599873,-6212334.63942704 -3479080.00371681,-6212326.18748168 -3479152.03054536,-6212264.65773446 -3479152.38786063,-6212304.77490801 -3479289.41130574,-6212322.65277191 -3479350.41572683,-6212329.19091742 -3479372.72578817,-6212345.3149847 -3479395.66153114,-6212373.9185199 -3479428.84638095,-6212394.28361993 -3479435.96940328,-6212422.5737555 -3479451.9935631,-6212456.62072748 -3479461.64265924,-6212512.80641857 -3479462.94188803,-6212610.43187316 -3479446.79683838,-6212609.93377023 -3479426.05692941,-6212616.78022162 -3479403.31045609,-6212632.56710835 -3479391.10671066,-6212675.79987741 -3479320.72232513,-6212709.30527277 -3479271.59959455,-6212746.21204614 -3479218.01493385,-6212758.85080409 -3479185.54071953,-6212769.29862925 -3479148.54642179,-6212780.68672601 -3479074.45970078,-6212795.00954255 -3478986.91209557,-6212823.00280621 -3478820.80619483,-6212833.30066354 -3478743.89910143,-6212725.41226522 -3478725.92429281,-6212718.47636023 -3478760.13425569,-6212701.81234556 -3478857.77457518,-6212577.4709937 -3478916.65735597,-6212471.91614237 -3478968.37800565,-6212454.71552995 -3478973.07110196)))
Lara;MULTIPOLYGON(((-6211907.15285949 -3477944.56924147,-6211953.7338884 -3478104.83550357,-6211992.22378525 -3478236.35115128,-6212028.41556343 -3478346.76422437,-6212047.75679512 -3478342.3284364,-6212158.14430766 -3478376.36375448,-6212256.80179986 -3478409.01131413,-6212266.59387339 -3478390.61693424,-6212322.79868606 -3478431.67528154,-6212352.48655712 -3478440.83785542,-6212364.76643482 -3478348.21460145,-6212370.7077783 -3478341.53101527,-6212385.32946859 -3478270.54802054,-6212398.52482128 -3478206.48945095,-6212331.40288254 -3478166.58325475,-6212223.8416634 -3478102.64678074,-6212122.58804708 -3478041.6727978,-6212015.9679338 -3477968.04870502,-6211958.01633554 -3477929.55551934,-6211907.15285949 -3477944.56924147)))
Vila Fenix;MULTIPOLYGON(((-6212602.46263153 -3478371.41306631,-6212595.87030017 -3478389.93273023,-6212586.35929768 -3478389.06164942,-6212565.1739416 -3478484.43868044,-6212559.6588541 -3478521.81964334,-6212580.24848339 -3478525.60835215,-6212573.55837403 -3478622.77093838,-6212575.62597011 -3478629.22691451,-6212574.08584116 -3478640.65005578,-6212572.54559399 -3478652.0732056,-6212599.98236312 -3478655.12732487,-6212662.89374427 -3478659.50488393,-6212658.94309813 -3478717.36427526,-6212676.71829176 -3478721.09912349,-6212684.76776414 -3478720.44397744,-6212700.57597408 -3478722.57546582,-6212702.92683712 -3478631.978973,-6212699.50281488 -3478619.07432623,-6212700.52253182 -3478589.05732441,-6212701.03675162 -3478539.01668299,-6212702.41651013 -3478473.97156601,-6212701.98435826 -3478446.79948565,-6212699.81513124 -3478381.003137,-6212617.11389896 -3478330.09924244,-6212617.81782873 -3478330.82151987,-6212604.78748616 -3478352.84898102,-6212602.46263153 -3478371.41306631)))
Inez;MULTIPOLYGON(((-6212266.59387339 -3478390.61693424,-6212247.28976067 -3478477.21091596,-6212226.89632342 -3478583.6632342,-6212211.74445435 -3478669.93401177,-6212301.40778406 -3478680.12891063,-6212389.66947378 -3478690.60404688,-6212453.37107799 -3478696.32591733,-6212523.21273171 -3478703.23564364,-6212617.07310246 -3478713.20525649,-6212658.94309813 -3478717.36427526,-6212662.89374427 -3478659.50488393,-6212599.98236312 -3478655.12732487,-6212572.54559399 -3478652.0732056,-6212574.08584116 -3478640.65005578,-6212575.62597011 -3478629.22691451,-6212573.55837403 -3478622.77093838,-6212580.24848339 -3478525.60835215,-6212559.6588541 -3478521.81964334,-6212565.1739416 -3478484.43868044,-6212586.35929768 -3478389.06164942,-6212595.87030017 -3478389.93273023,-6212602.46263153 -3478371.41306631,-6212604.78748616 -3478352.84898102,-6212617.81782873 -3478330.82151987,-6212535.73641793 -3478283.38094476,-6212466.10133608 -3478243.02747109,-6212398.52482128 -3478206.48945095,-6212385.32946859 -3478270.54802054,-6212370.7077783 -3478341.53101527,-6212364.76643482 -3478348.21460145,-6212352.48655712 -3478440.83785542,-6212322.79868606 -3478431.67528154,-6212266.59387339 -3478390.61693424)))
Kennedy;MULTIPOLYGON(((-6212700.57597408 -3478722.57546582,-6212725.41226522 -3478725.92429281,-6212833.30066354 -3478743.89910143,-6212844.58368831 -3478667.57375201,-6212923.40797486 -3478671.20162218,-6212936.14373606 -3478574.64588442,-6212909.19108257 -3478475.9932029,-6212869.34443546 -3478462.11941799,-6212828.23135419 -3478448.10933239,-6212804.40148052 -3478441.17888385,-6212760.87196202 -3478419.39277247,-6212748.20193635 -3478413.05150332,-6212734.33079412 -3478402.22711265,-6212699.81513124 -3478381.003137,-6212701.98435826 -3478446.79948565,-6212702.41651013 -3478473.97156601,-6212701.03675162 -3478539.01668299,-6212700.52253182 -3478589.05732441,-6212699.50281488 -3478619.07432623,-6212702.92683712 -3478631.978973,-6212700.57597408 -3478722.57546582)))
Jardim Planalto;MULTIPOLYGON(((-6212833.30066354 -3478743.89910143,-6212823.00280621 -3478820.80619483,-6212795.00954255 -3478986.91209557,-6212780.68672601 -3479074.45970078,-6212769.29862925 -3479148.54642179,-6212847.86581608 -3479141.9441317,-6212996.18562939 -3479132.23817517,-6213038.20885182 -3479128.77721291,-6213023.38871928 -3479047.83198465,-6213014.01718024 -3478990.53759016,-6213019.06175744 -3478914.80370192,-6213028.4320598 -3478764.04466781,-6213034.2683293 -3478680.4557873,-6213036.81246103 -3478640.44507494,-6213040.16312367 -3478591.14854448,-6213042.48739895 -3478572.58416328,-6213052.1660309 -3478530.50282816,-6213058.03917593 -3478512.69013149,-6213044.21461754 -3478507.74696248,-6212980.040891 -3478493.59125944,-6212909.19108257 -3478475.9932029,-6212936.14373606 -3478574.64588442,-6212923.40797486 -3478671.20162218,-6212844.58368831 -3478667.57375201,-6212833.30066354 -3478743.89910143)))
Pedreiras;MULTIPOLYGON(((-6213432.95058014 -3478261.11731803,-6213160.48089153 -3478325.33509756,-6213104.6244283 -3478331.92422625,-6213011.70343732 -3478353.30676532,-6212913.79661625 -3478369.99953056,-6212811.81621347 -3478372.67616082,-6212759.76172666 -3478376.6332075,-6212738.90281013 -3478392.71843521,-6212734.33079412 -3478402.22711265,-6212748.20193635 -3478413.05150332,-6212760.87196202 -3478419.39277247,-6212804.40148052 -3478441.17888385,-6212828.23135419 -3478448.10933239,-6212869.34443546 -3478462.11941799,-6212909.19108257 -3478475.9932029,-6212980.040891 -3478493.59125944,-6213044.21461754 -3478507.74696248,-6213058.03917593 -3478512.69013149,-6213052.1660309 -3478530.50282816,-6213042.48739895 -3478572.58416328,-6213040.16312367 -3478591.14854448,-6213036.81246103 -3478640.44507494,-6213034.2683293 -3478680.4557873,-6213028.4320598 -3478764.04466781,-6213019.06175744 -3478914.80370192,-6213014.01718024 -3478990.53759016,-6213023.38871928 -3479047.83198465,-6213038.20885182 -3479128.77721291,-6212996.18562939 -3479132.23817517,-6212847.86581608 -3479141.9441317,-6212769.29862925 -3479148.54642179,-6212758.85080409 -3479185.54071953,-6212746.21204614 -3479218.01493385,-6212709.30527277 -3479271.59959455,-6212675.79987741 -3479320.72232513,-6212632.56710835 -3479391.10671066,-6212616.78022162 -3479403.31045609,-6212609.93377023 -3479426.05692941,-6212610.43187316 -3479446.79683838,-6213124.06489846 -3479358.45957467,-6213565.8896875 -3479282.94628068,-6213795.4087239 -3479238.122812,-6213825.29778615 -3479237.00049413,-6213936.4929312 -3479215.26540184,-6214086.15582353 -3479188.20462339,-6214287.11835252 -3479153.08887165,-6214379.80410379 -3479132.59005535,-6214490.76157206 -3478853.45958304,-6214037.82227314 -3478095.25221619,-6213977.8584956 -3478101.4243332,-6213931.49565972 -3478112.96287511,-6213835.23570973 -3478143.27562036,-6213733.29711982 -3478175.11009269,-6213666.39702854 -3478195.28961468,-6213633.61788829 -3478201.27566854,-6213533.92531766 -3478231.38296369,-6213432.95058014 -3478261.11731803)))
Emílio Zuneda;MULTIPOLYGON(((-6212126.62942865 -3477093.30216035,-6212129.32595773 -3477116.51572091,-6212159.31429683 -3477258.89268338,-6212177.93849737 -3477364.47685694,-6212176.50190586 -3477392.4769731,-6212178.32519198 -3477408.32340646,-6212178.84118708 -3477411.73828786,-6212183.42943122 -3477442.10171951,-6212198.11680748 -3477441.41155382,-6212212.20222063 -3477458.42087701,-6212228.30899475 -3477487.60291448,-6212257.57530775 -3477523.88140045,-6212273.68000879 -3477540.84488521,-6212418.12229056 -3477466.57030478,-6212566.01301423 -3477409.26519573,-6212525.93676826 -3477336.48061812,-6212505.8291171 -3477293.2724068,-6212493.48605367 -3477269.95845205,-6212463.36534796 -3477221.58769899,-6212447.6196868 -3477202.87537769,-6212406.51301493 -3477162.40017216,-6212394.88754262 -3477150.89721112,-6212347.15792461 -3477101.92190102,-6212286.5364991 -3477042.27373076,-6212277.93385925 -3477047.27711295,-6212275.14386183 -3477048.89987493,-6212185.53816782 -3477074.94607704,-6212126.62942865 -3477093.30216035)))
Canjiqueira;MULTIPOLYGON(((-6212054.438737 -3477829.44525007,-6212175.59102123 -3477789.70723996,-6212218.98192312 -3477775.47463819,-6212221.18189052 -3477769.06348689,-6212241.85864411 -3477764.27453288,-6212212.7485062 -3477638.4272017,-6212183.61384044 -3477642.99621368,-6212065.02558761 -3477671.96976957,-6212053.38171245 -3477672.82291669,-6212008.64467509 -3477685.99931582,-6212028.79988707 -3477753.29427567,-6212054.438737 -3477829.44525007)))
Cel. Enio;MULTIPOLYGON(((-6212218.98192312 -3477775.47463819,-6212175.59102123 -3477789.70723996,-6212054.438737 -3477829.44525007,-6212067.2413619 -3477875.51256483,-6212071.8291245 -3477892.02025374,-6212205.98428545 -3478001.24898763,-6212271.47939813 -3477926.86580377,-6212280.8136939 -3477918.38413954,-6212253.01341881 -3477855.1830691,-6212248.45493203 -3477814.38619328,-6212243.85962313 -3477777.16350476,-6212241.85864411 -3477764.27453288,-6212221.18189052 -3477769.06348689,-6212218.98192312 -3477775.47463819)))
Saudade;MULTIPOLYGON(((-6211958.01633554 -3477929.55551934,-6212015.9679338 -3477968.04870502,-6212122.58804708 -3478041.6727978,-6212223.8416634 -3478102.64678074,-6212331.40288254 -3478166.58325475,-6212398.52482128 -3478206.48945095,-6212466.10133608 -3478243.02747109,-6212535.73641793 -3478283.38094476,-6212617.81782873 -3478330.82151987,-6212617.11389896 -3478330.09924244,-6212699.81513124 -3478381.003137,-6212734.33079412 -3478402.22711265,-6212738.90281013 -3478392.71843521,-6212759.76172666 -3478376.6332075,-6212811.81621347 -3478372.67616082,-6212913.79661625 -3478369.99953056,-6213011.70343732 -3478353.30676532,-6213104.6244283 -3478331.92422625,-6213092.14544698 -3478321.67684995,-6213073.10719291 -3478309.08991872,-6212966.53538827 -3478258.40219298,-6212850.07580349 -3478202.81007686,-6212832.93174336 -3478197.57319256,-6212822.57473199 -3478184.957027,-6212760.47052581 -3478137.12812522,-6212712.28297558 -3478119.47010024,-6212665.44451467 -3478108.97500085,-6212624.20785336 -3478107.11701316,-6212571.69431511 -3478095.13285221,-6212498.05012869 -3478062.91123949,-6212435.7416857 -3478035.09665203,-6212381.93875085 -3478010.229998,-6212324.0012755 -3477972.45179446,-6212280.8136939 -3477918.38413954,-6212271.47939813 -3477926.86580377,-6212205.98428545 -3478001.24898763,-6212071.8291245 -3477892.02025374,-6212012.89016998 -3477910.73762451,-6211981.14900972 -3477923.47323544,-6211958.01633554 -3477929.55551934)))
Liberdade;MULTIPOLYGON(((-6212183.42943122 -3477442.10171951,-6212183.45364545 -3477470.50848296,-6212206.3841378 -3477597.43183129,-6212212.7485062 -3477638.4272017,-6212241.85864411 -3477764.27453288,-6212243.85962313 -3477777.16350476,-6212248.45493203 -3477814.38619328,-6212253.01341881 -3477855.1830691,-6212280.8136939 -3477918.38413954,-6212324.0012755 -3477972.45179446,-6212381.93875085 -3478010.229998,-6212435.7416857 -3478035.09665203,-6212498.05012869 -3478062.91123949,-6212571.69431511 -3478095.13285221,-6212624.20785336 -3478107.11701316,-6212665.44451467 -3478108.97500085,-6212712.28297558 -3478119.47010024,-6212760.47052581 -3478137.12812522,-6212822.57473199 -3478184.957027,-6212832.93174336 -3478197.57319256,-6212850.07580349 -3478202.81007686,-6212966.53538827 -3478258.40219298,-6213073.10719291 -3478309.08991872,-6213092.14544698 -3478321.67684995,-6213104.6244283 -3478331.92422625,-6213160.48089153 -3478325.33509756,-6213432.95058014 -3478261.11731803,-6213417.6416831 -3478240.44173208,-6213377.81427628 -3478197.30940007,-6213311.37438604 -3478131.41738561,-6213276.44997378 -3478097.91587055,-6213243.25179596 -3478066.07012443,-6213161.81241909 -3477990.4671357,-6213086.41002907 -3477926.16864221,-6213016.11043903 -3477855.1777049,-6212879.83162195 -3477728.41723804,-6212820.8528708 -3477668.81007105,-6212802.93319013 -3477650.69950125,-6212732.04310537 -3477579.05350005,-6212605.70827241 -3477464.76199231,-6212566.01301423 -3477409.26519573,-6212418.12229056 -3477466.57030478,-6212273.68000879 -3477540.84488521,-6212257.57530775 -3477523.88140045,-6212228.30899475 -3477487.60291448,-6212212.20222063 -3477458.42087701,-6212198.11680748 -3477441.41155382,-6212183.42943122 -3477442.10171951)))
Prado;MULTIPOLYGON(((-6214037.82227314 -3478095.25221619,-6214133.02330986 -3477499.30274031,-6214115.98346663 -3477496.26834492,-6214093.15246556 -3477503.18267468,-6214083.18105951 -3477504.51012004,-6214070.45214217 -3477497.23051697,-6214032.00365192 -3477501.12486789,-6213995.00670543 -3477502.17444741,-6213982.16148116 -3477506.33185362,-6213979.0656724 -3477519.02718838,-6213960.82538041 -3477506.1125516,-6213935.29495166 -3477498.70121768,-6213913.94431459 -3477499.91141632,-6213894.05981386 -3477496.84735804,-6213885.61276225 -3477488.18188646,-6213751.9016288 -3477626.92405138,-6213589.57868662 -3477781.09898377,-6213394.02407853 -3477984.97424423,-6213276.44997378 -3478097.91587055,-6213311.37438604 -3478131.41738561,-6213377.81427628 -3478197.30940007,-6213417.6416831 -3478240.44173208,-6213432.95058014 -3478261.11731803,-6213533.92531766 -3478231.38296369,-6213633.61788829 -3478201.27566854,-6213666.39702854 -3478195.28961468,-6213733.29711982 -3478175.11009269,-6213835.23570973 -3478143.27562036,-6213931.49565972 -3478112.96287511,-6213977.8584956 -3478101.4243332,-6214037.82227314 -3478095.25221619)))
Progresso;MULTIPOLYGON(((-6212800.62233544 -3477647.11964556,-6212802.93319013 -3477650.69950125,-6212820.8528708 -3477668.81007105,-6212879.83162195 -3477728.41723804,-6213016.11043903 -3477855.1777049,-6213086.41002907 -3477926.16864221,-6213161.81241909 -3477990.4671357,-6213243.25179596 -3478066.07012443,-6213276.44997378 -3478097.91587055,-6213394.02407853 -3477984.97424423,-6213589.57868662 -3477781.09898377,-6213751.9016288 -3477626.92405138,-6213885.61276225 -3477488.18188646,-6213872.18573691 -3477470.88660788,-6213863.73871691 -3477462.22114009,-6213841.1113874 -3477449.12038654,-6213828.55740888 -3477424.6852664,-6213828.68846382 -3477411.8187967,-6213835.96061126 -3477396.16626577,-6213844.69876588 -3477376.23957191,-6213864.75775797 -3477362.14832434,-6213887.69061632 -3477345.227194,-6213886.60292043 -3477312.33176736,-6213868.41774712 -3477282.11997907,-6213858.63574572 -3477264.86245687,-6213853.15011178 -3477244.78963235,-6213843.35359917 -3477228.96169783,-6213814.99357856 -3477220.0914862,-6213806.56132112 -3477209.99649172,-6213778.28876703 -3477192.54871404,-6213768.43411723 -3477182.43907625,-6213740.04511354 -3477176.4279346,-6213740.21995734 -3477159.27297618,-6213719.14675452 -3477133.32078506,-6213686.56369743 -3477120.1176987,-6213672.54415563 -3477099.9571264,-6213651.42756166 -3477078.29365846,-6213628.90319447 -3477055.18612424,-6213611.99544636 -3477039.28497424,-6213582.33029117 -3477018.9630723,-6213561.06808578 -3477011.59540284,-6213542.89856731 -3476979.95436463,-6213159.0797625 -3477372.02701215,-6213104.35342078 -3477320.97833094,-6213031.42970186 -3477397.22904443,-6212965.85520958 -3477465.68668412,-6212934.7366663 -3477500.77591697,-6212800.62233544 -3477647.11964556)))
Vila Grande;MULTIPOLYGON(((-6212566.01301423 -3477409.26519573,-6212605.70827241 -3477464.76199231,-6212732.04310537 -3477579.05350005,-6212802.93319013 -3477650.69950125,-6212800.62233544 -3477647.11964556,-6212934.7366663 -3477500.77591697,-6212965.85520958 -3477465.68668412,-6213031.42970186 -3477397.22904443,-6213104.35342078 -3477320.97833094,-6213159.0797625 -3477372.02701215,-6213542.89856731 -3476979.95436463,-6213518.95226997 -3476956.83204173,-6213494.97686538 -3476936.56886264,-6213444.21079048 -3476893.15398344,-6213417.47855942 -3476864.28413945,-6213393.51809572 -3476842.5913044,-6213378.13546253 -3476816.69805986,-6213380.0106096 -3476772.39701038,-6213344.68644745 -3476749.15728537,-6213335.03717617 -3476719.03422297,-6213316.78092055 -3476695.97087391,-6213297.1463166 -3476668.60416518,-6213280.42952892 -3476634.11923665,-6213275.5162655 -3476608.74269176,-6213236.10607089 -3476653.18824624,-6213158.53726098 -3476734.16260371,-6213079.98579407 -3476820.70245699,-6212997.59427617 -3476908.93729199,-6212706.48118993 -3477215.34999482,-6212732.18035292 -3477238.99345605,-6212672.87165307 -3477296.27209545,-6212566.01301423 -3477409.26519573)))